<?xml version="1.0" encoding="UTF-8"?>
<metadata xml:lang="en"><Esri><CreaDate>20150827</CreaDate><CreaTime>20292200</CreaTime><ArcGISFormat>1.0</ArcGISFormat><SyncOnce>TRUE</SyncOnce><DataProperties><itemProps><itemLocation><linkage Sync="TRUE">file://\\POTTS-LAB-PC\Users\Jenny\Downloads\Exercise1_DataFiles\CaliforniaCounties</linkage><protocol Sync="TRUE">Local Area Network</protocol></itemLocation></itemProps><copyHistory><copy source="C:\Users\Jenny\Downloads\Exercise1_Data\CaliforniaCounties" dest="\\POTTS-LAB-PC\Users\Jenny\Downloads\Exercise1_DataFiles\CaliforniaCounties" date="20150827" time="20292200"></copy></copyHistory></DataProperties></Esri></metadata>
